{"foodbakery_user_dashboard_switchs":"on","foodbakery_menu_login_location":"main-menu","foodbakery_emp_dashboard":"92","foodbakery_js_dashboard":"101","foodbakery_author_page_slug":"user","foodbakery_language_file":"","foodbakery_job_detail_style":"3_columns","foodbakery_common-elements-style":"","foodbakery_default-sidebars":"","foodbakery_style-custom-css":"","foodbakery__map_cluster_icon":"http:\/\/jobline.chimpgroup.com\/wp-content\/plugins\/wp-foodbakery\/assets\/images\/culster-icon.png","foodbakery__map_marker_icon":"http:\/\/jobline.chimpgroup.com\/wp-content\/plugins\/wp-foodbakery\/assets\/images\/map-marker.png","foodbakery_map_zoom_level":"11","foodbakery_map_cluster_color":"#000000","foodbakery_map_auto_zoom":"","foodbakery_map_lock":"on","foodbakery_post_loc_country":"united-kingdom","foodbakery_post_loc_city":"london","foodbakery_post_loc_address":"London, United Kingdom","foodbakery_post_loc_latitude":"51.5073509","foodbakery_post_loc_longitude":"-0.12775829999998223","foodbakery_add_new_loc":"London, United Kingdom","foodbakery_post_loc_zoom":"11","foodbakery_candidate_switch":"","foodbakery_award_switch":"on","foodbakery_portfolio_switch":"on","foodbakery_skills_switch":"on","foodbakery_education_switch":"on","foodbakery_experience_switch":"on","foodbakery_search_result_page":"107","foodbakery_terms_condition":"120","foodbakery_plugin_single_container":"on","foodbakery_jobs_review_option":"","foodbakery_candidate_review_option":"","foodbakery_publisher_review_option":"","foodbakery_vat_switch":"on","foodbakery_payment_vat":"10","foodbakery__currency_type":"USD","foodbakery_currency_sign":"$","foodbakery_safetysafe_switch":"on","dynamic_safety_text":"1","safety_id_array":["1451983124","1451983137"],"foodbakery_safety_title_array":["Safety Tips for Candidate","Safety Tips for Candidate"],"foodbakery_safety_desc_array":["Far much that one rank beheld bluebird after outside ignobly allegedly more when oh arrogantly vehement irresistibly fussy penguin insect additionally wow absolutely crud meretriciously.","Far much that one rank beheld bluebird after outside ignobly allegedly more when oh arrogantly vehement irresistibly fussy penguin insect additionally wow absolutely crud meretriciously."],"foodbakery_safety_title":"Title","foodbakery_safety_desc":"","foodbakery_job_welcome_title":"Confirmation Page","foodbakery_job_welcome_con":"Lorem ipsum dolor sit amet, consectetur adipiscing elit, sed do eiusmod tempor incididunt ut labore et dolore magna aliqua. Ut enim ad minim veniam, quis nostrud exercitation ullamco laboris nisi ut aliquip ex ea commodo consequat.","foodbakery_paypal_gateway_logo":"http:\/\/jobline.chimpgroup.com\/wp-content\/plugins\/wp-foodbakery\/payments\/images\/paypal.png","foodbakery_paypal_gateway_status":"on","foodbakery_paypal_sandbox":"on","foodbakery_paypal_email":"","foodbakery_dir_paypal_ipn_url":"","foodbakery_authorizedotnet_gateway_logo":"http:\/\/jobline.chimpgroup.com\/wp-content\/plugins\/wp-foodbakery\/payments\/images\/athorizedotnet_.png","foodbakery_authorizedotnet_gateway_status":"on","foodbakery_authorizenet_sandbox":"on","foodbakery_authorizenet_login":"","foodbakery_authorizenet_transaction_key":"","foodbakery_dir_authorizenet_ipn_url":"","foodbakery_pre_bank_transfer_logo":"http:\/\/jobline.chimpgroup.com\/wp-content\/plugins\/wp-foodbakery\/payments\/images\/bank.png","foodbakery_pre_bank_transfer_status":"on","foodbakery_bank_information":"","foodbakery_bank_account_id":"","foodbakery_other_information":"","foodbakery_skrill_gateway_logo":"http:\/\/jobline.chimpgroup.com\/wp-content\/plugins\/wp-foodbakery\/payments\/images\/skrill.png","foodbakery_skrill_gateway_status":"on","foodbakery_skrill_email":"","foodbakery_skrill_ipn_url":"","dynamic_foodbakery_package":"1","package_id_array":["1449125017","1449125051","1449135856","1449141055"],"package_title_array":["Basic Restaurants","Standard Restaurants","Golden Membership","Supper Restaurants"],"package_price_array":["10","45","80","90"],"package_type_array":["single","subscription","subscription","subscription"],"package_restaurants_array":["1","45","90","125"],"package_cvs_array":["","","",""],"package_duration_array":["45","90","1","30"],"package_duration_period_array":["days","days","years","days"],"package_submission_limit_array":["15","20","2","5"],"foodbakery_list_dur_array":["days","days","months","days"],"package_feature_array":["no","yes","no","no"],"package_description_array":["1 job posting\r\n0 featured job\r\nJob displayed for 20 days\r\nPremium Support 27\/7","45 job posting\r\n30 featured job\r\nJob displayed for 45 days\r\nPremium Support 27\/7","90 job posting\r\n35 featured job\r\nJob displayed for 60 days\r\nPremium Support 27\/7","125 job posting\r\n50 featured job\r\nJob displayed for 75 days\r\nPremium Support 27\/7"],"package_title":"","package_price":"","package_type":"single","package_restaurants":"","package_cvs":"","package_duration":"","package_duration_period":"days","package_submission_limit":"","foodbakery_list_dur":"days","package_feature":"no","package_description":"","dynamic_foodbakery_cv_pkg":"1","cv_pkg_id_array":["1449125454","1449125481","1449125503","1449125524"],"cv_pkg_title_array":["Power CV pack","1000 CV Pack","Super CV Pack","Unlimited CV Pack"],"cv_pkg_price_array":["30.00","49.00","99.00","199.00"],"cv_pkg_cvs_array":["5","25","50","200"],"cv_pkg_dur_array":["2","5","10","30"],"cv_pkg_dur_period_array":["days","days","days","days"],"cv_pkg_desc_array":["Your Resume for Job Pack is the most useful tool for introducing yourself to a potential company. You can use your resume or CV to respond to an advertised job vacancy.or more...","Your Resume for Job Pack is the most useful tool for introducing yourself to a potential company. You can use your resume or CV to respond to an advertised job vacancy.or more...","Your Resume for Job Pack is the most useful tool for introducing yourself to a potential company. You can use your resume or CV to respond to an advertised job vacancy.or more...","Your Resume for Job Pack is the most useful tool for introducing yourself to a potential company. You can use your resume or CV to respond to an advertised job vacancy.or more..."],"cv_pkg_title":"","cv_pkg_price":"","cv_pkg_cvs":"","cv_pkg_dur":"","cv_pkg_dur_period":"days","cv_pkg_desc":"","foodbakery_job_feat_price":"15","foodbakery_job_feat_txt":"Advertises your job ad on Web and across hundreds of targeted websites. Your Job ad an will get an expected and estimated 77% more views and 100%.","foodbakery_job_pay_txt":"Advertises your job ad on Web and across hundreds of targeted websites. Your Job ad an will get an expected and estimated 77% more views and 100%.","foodbakery_cus_field_title":["dropdown","dropdown","dropdown","dropdown","dropdown","dropdown"],"foodbakery_cus_field_id":["1448288527","1448288528","1448290311","1448290312","1448290313","1448980250"],"foodbakery_cus_field_dropdown":{"required":["yes","yes","yes","yes","yes","no"],"label":["Offerd Salary","Career Level","Experience","Gender","INDUSTRY","Qualification"],"meta_key":["salarypackage","careerlevel","experiencetotal","gender","industry","qualification"],"help":["","","","","",""],"enable_srch":["yes","yes","yes","yes","yes","yes"],"multi":["no","no","no","no","no","no"],"post_multi":["no","no","no","no","no","no"],"first_value":["Please Select","Please Select","Please Select","Please Select","Please Select","Please Select"],"collapse_search":["no","no","no","no","no","no"],"fontawsome_icon":["icon-banknote","icon-paperplane2","icon-study","icon-profile-male","icon-linegraph","icon-graduation"]},"cus_field_dropdown":{"selected":{"1448288527":["1"],"1448288528":["1"],"1448290311":["1"],"1448290312":["1"],"1448290313":["1"],"1448980250":["1"]},"options":{"1448288527":["0- £15,000","£15,000 - £20,000 ","£20,000 - £30,000  ","£30,000 - £50,000","£50,000+"],"1448288528":["Manager","Officer","Student","Executive","Others"],"1448290311":["Fresh","Less than 1 Year","2 Years","3 Years","4 Years","5 Years","6 Years","7 Years","8 Years +"],"1448290312":["Male","Female","Both"],"1448290313":["Development","Management","Finance","Html Department","Seo","Banking","Designing"],"1448980250":["Certificate","Diploma","Associate Degree","Bachelor Degree","Master’s Degree","Doctorate Degree"]},"options_values":{"1448288527":["0--15000","15000-20000","20000-30000","30000-50000","50000-plus"],"1448288528":["manager","officer","student","executive","others"],"1448290311":["fresh","less-than-1-year","2-years","3-years","4-years","5-years","6-years","7-years","8-years"],"1448290312":["male","female","both"],"1448290313":["development","management","finance","html-department","seo","banking","designing"],"1448980250":["certificate","diploma","associate-degree","bachelor-degree","master’s-degree","doctorate-degree"]}},"foodbakery_candidate_cus_field_title":["dropdown","dropdown","dropdown","dropdown","dropdown","dropdown"],"foodbakery_candidate_cus_field_id":["1448285960","1448286216","1448286375","1448286664","1448286779","1448286780"],"foodbakery_candidate_cus_field_dropdown":{"required":["yes","yes","no","no","no","yes"],"label":["Experience","Age","Current Salary($) ","Expected Salary($)","Languages","Education Levels"],"meta_key":["show-experience","show-age","Current-Salary","expected-salary","Languages","education-level"],"help":["","","","","",""],"enable_srch":["yes","yes","no","no","no","yes"],"multi":["no","no","no","no","yes","yes"],"post_multi":["no","no","no","no","yes","no"],"first_value":["Please Select","Please Select","Please Select","Please Select","Please Select","Please Select"],"collapse_search":["no","no","no","no","no","no"],"fontawsome_icon":["icon-history3","icon-graph","icon-database2","icon-rocket4","icon-earth2","icon-graduation"]},"candidate_cus_field_dropdown":{"selected":{"1448285960":["1"],"1448286216":["1"],"1448286375":["1"],"1448286664":["1"],"1448286779":["1"],"1448286780":["1"]},"options":{"1448285960":["0 - 2 Years","3 - 5 Years","6 - 7 Years","8 - 10 Years","11 - 15 Years","16 - 20 Years","21 - 25 Years","26 - 30 Years","31 - 35 Years","More than 35..."],"1448286216":["18 - 22 Years","23 - 27 Years","28 - 32 Years","33 - 37 Years","38 - 42 Years","43 - 47 Years","48 - 52 Years","53 - 57 Years","Above 57 Years"],"1448286375":["15K - 16K","16K - 20K","20K - 25K","25K - 30K","30K - 45K","45K - 50K","50K - 60K","More than 60..."],"1448286664":["15K - 16K","16K - 20K","20K - 25K","25K - 30K","30K - 45K","45K - 50K","50K - 60K","More than 60..."],"1448286779":["Japanese","Farsi","French","German","Greek","Spanish","Swedish","Welsh","Hindi","Arabic","English","Urdu"],"1448286780":["Certificate","Diploma","Associate Degree","Bachelor Degree","Master’s Degree","Doctorate Degree"]},"options_values":{"1448285960":["0---2-years","3---5-years","6---7-years","8---10-years","11---15-years","16---20-years","21---25-years","26---30-years","31---35-years","more-than-35..."],"1448286216":["18---22-years","23---27-years","28---32-years","33---37-years","38---42-years","43---47-years","48---52-years","53---57-years","above-57-years"],"1448286375":["15k---16k","16k---20k","20k---25k","25k---30k","30k---45k","45k---50k","50k---60k","more-than-60..."],"1448286664":["15k---16k","16k---20k","20k---25k","25k---30k","30k---45k","45k---50k","50k---60k","more-than-60..."],"1448286779":["japanese","farsi","french","german","greek","spanish","swedish","welsh","hindi","arabic","english","urdu"],"1448286780":["certificate","diploma","associate-degree","bachelor-degree-\/-graduate-degree","master","doctorate-degree"]}},"foodbakery_publisher_cus_field_title":["range","range","dropdown"],"foodbakery_publisher_cus_field_id":["1448116937","1448116939","1448116938"],"foodbakery_publisher_cus_field_range":{"required":["no","no"],"label":["Est. Since","Team Size"],"meta_key":["established","team-size"],"placeholder":["1949 e.g.","1-300 e.g."],"help":["",""],"min":["1988","1"],"max":["2015","500"],"increment":["1","100"],"enable_srch":["yes","yes"],"enable_inputs":["no","yes"],"srch_style":["slider","input"],"default_value":["","1"],"collapse_search":["no","no"],"fontawsome_icon":["icon-calendar6","icon-users5"]},"foodbakery_publisher_cus_field_dropdown":{"required":["no"],"label":["Business Type"],"meta_key":["type"],"help":[""],"enable_srch":["no"],"multi":["no"],"post_multi":["no"],"first_value":["Please Select"],"collapse_search":["no"],"fontawsome_icon":["icon-building"]},"employer_cus_field_dropdown":{"selected":{"1448116938":["1"]},"options":{"1448116938":["Private Limited","Limited Publisher","C Corporations","S Corporations","Partnerships","Sole Proprietorships","Artitecture","Marketing"]},"options_values":{"1448116938":["private","limitedcompany","ccorporations","scorporations","partnerships","soleproprietorships","artitecture","marketing"]}},"foodbakery_twitter_api_switch":"on","foodbakery_consumer_key":"","foodbakery_consumer_secret":"","foodbakery_access_token":"","foodbakery_access_token_secret":"","foodbakery_facebook_login_switch":"on","foodbakery_facebook_app_id":"","foodbakery_facebook_secret":"","foodbakery_linkedin_login_switch":"","foodbakery_linkedin_app_id":"","foodbakery_linkedin_secret":"","foodbakery_google_login_switch":"on","foodbakery_google_client_id":"","foodbakery_google_client_secret":"","foodbakery_google_api_key":"","foodbakery_google_login_redirect_url":"","foodbakery_captcha_switch":"on","foodbakery_sitekey":"","foodbakery_secretkey":"","foodbakery__search_location":"on","foodbakery_google_autocomplete_enable":"on","foodbakery_geo_location":"on","foodbakery_radius_switch":"on","foodbakery_radius_min":"0","foodbakery_radius_max":"500","foodbakery_radius_step":"20","foodbakery_default_radius":"200","foodbakery_radius_measure":"miles","foodbakery_search_by_location":"countries_and_cities","foodbakery_":"","foodbakery_facebook_share":"on","foodbakery_twitter_share":"on","foodbakery_google_plus_share":"","foodbakery_pintrest_share":"","foodbakery_tumblr_share":"","foodbakery_dribbble_share":"on","foodbakery_instagram_share":"on","foodbakery_stumbleupon_share":"","foodbakery_youtube_share":"","foodbakery_share_share":"","action":"plugin_option_save","foodbakery_plugin_url":"http:\/\/foodbakery.chimpgroup.com\/wp-content\/plugins\/wp-foodbakery\/","foodbakery_extra_features_options":[],"foodbakery_packages_options":{"1449125017":{"package_id":"1449125017","package_title":"Basic Restaurants","package_price":"10","package_duration":"45","package_duration_period":"days","package_description":"1 job posting\r\n0 featured job\r\nJob displayed for 20 days\r\nPremium Support 27\/7","package_type":"single","package_restaurants":1,"package_cvs":"","package_submission_limit":"15","foodbakery_list_dur":"days","package_feature":"no"},"1449125051":{"package_id":"1449125051","package_title":"Standard Restaurants","package_price":"45","package_duration":"90","package_duration_period":"days","package_description":"45 job posting\r\n30 featured job\r\nJob displayed for 45 days\r\nPremium Support 27\/7","package_type":"subscription","package_restaurants":"45","package_cvs":"","package_submission_limit":"20","foodbakery_list_dur":"days","package_feature":"yes"},"1449135856":{"package_id":"1449135856","package_title":"Golden Membership","package_price":"80","package_duration":"1","package_duration_period":"years","package_description":"90 job posting\r\n35 featured job\r\nJob displayed for 60 days\r\nPremium Support 27\/7","package_type":"subscription","package_restaurants":"90","package_cvs":"","package_submission_limit":"2","foodbakery_list_dur":"months","package_feature":"no"},"1449141055":{"package_id":"1449141055","package_title":"Supper Restaurants","package_price":"90","package_duration":"30","package_duration_period":"days","package_description":"125 job posting\r\n50 featured job\r\nJob displayed for 75 days\r\nPremium Support 27\/7","package_type":"subscription","package_restaurants":"125","package_cvs":"","package_submission_limit":"5","foodbakery_list_dur":"days","package_feature":"no"}},"foodbakery_cv_pkgs_options":{"1449125454":{"cv_pkg_id":"1449125454","cv_pkg_title":"Power CV pack","cv_pkg_price":"30.00","cv_pkg_dur":"2","cv_pkg_dur_period":"days","cv_pkg_desc":"Your Resume for Job Pack is the most useful tool for introducing yourself to a potential company. You can use your resume or CV to respond to an advertised job vacancy.or more...","cv_pkg_cvs":"5"},"1449125481":{"cv_pkg_id":"1449125481","cv_pkg_title":"1000 CV Pack","cv_pkg_price":"49.00","cv_pkg_dur":"5","cv_pkg_dur_period":"days","cv_pkg_desc":"Your Resume for Job Pack is the most useful tool for introducing yourself to a potential company. You can use your resume or CV to respond to an advertised job vacancy.or more...","cv_pkg_cvs":"25"},"1449125503":{"cv_pkg_id":"1449125503","cv_pkg_title":"Super CV Pack","cv_pkg_price":"99.00","cv_pkg_dur":"10","cv_pkg_dur_period":"days","cv_pkg_desc":"Your Resume for Job Pack is the most useful tool for introducing yourself to a potential company. You can use your resume or CV to respond to an advertised job vacancy.or more...","cv_pkg_cvs":"50"},"1449125524":{"cv_pkg_id":"1449125524","cv_pkg_title":"Unlimited CV Pack","cv_pkg_price":"199.00","cv_pkg_dur":"30","cv_pkg_dur_period":"days","cv_pkg_desc":"Your Resume for Job Pack is the most useful tool for introducing yourself to a potential company. You can use your resume or CV to respond to an advertised job vacancy.or more...","cv_pkg_cvs":"200"}},"foodbakery_feats_options":[],"foodbakery_safetytext_options":{"1451983124":{"safety_id":"1451983124","foodbakery_safety_title":"Safety Tips for Candidate","foodbakery_safety_desc":"Far much that one rank beheld bluebird after outside ignobly allegedly more when oh arrogantly vehement irresistibly fussy penguin insect additionally wow absolutely crud meretriciously."},"1451983137":{"safety_id":"1451983137","foodbakery_safety_title":"Safety Tips for Candidate","foodbakery_safety_desc":"Far much that one rank beheld bluebird after outside ignobly allegedly more when oh arrogantly vehement irresistibly fussy penguin insect additionally wow absolutely crud meretriciously."}},"foodbakery_dyn_reviews_options":[],"foodbakery_job_cus_fields":{"1448288527":{"type":"dropdown","required":"yes","label":"Offerd Salary","meta_key":"salarypackage","enable_srch":"yes","fontawsome_icon":"icon-banknote","help":"","multi":"no","post_multi":"no","first_value":"Please Select","collapse_search":"no","options":{"select":["1","","","",""],"label":["0- £15,000","£15,000 - £20,000 ","£20,000 - £30,000  ","£30,000 - £50,000","£50,000+"],"value":["0--15000","15000-20000","20000-30000","30000-50000","50000-plus"]}},"1448288528":{"type":"dropdown","required":"yes","label":"Career Level","meta_key":"careerlevel","enable_srch":"yes","fontawsome_icon":"icon-paperplane2","help":"","multi":"no","post_multi":"no","first_value":"Please Select","collapse_search":"no","options":{"select":["1","","","",""],"label":["Manager","Officer","Student","Executive","Others"],"value":["manager","officer","student","executive","others"]}},"1448290311":{"type":"dropdown","required":"yes","label":"Experience","meta_key":"experiencetotal","enable_srch":"yes","fontawsome_icon":"icon-study","help":"","multi":"no","post_multi":"no","first_value":"Please Select","collapse_search":"no","options":{"select":["1","","","","","","","",""],"label":["Fresh","Less than 1 Year","2 Years","3 Years","4 Years","5 Years","6 Years","7 Years","8 Years +"],"value":["fresh","less-than-1-year","2-years","3-years","4-years","5-years","6-years","7-years","8-years"]}},"1448290312":{"type":"dropdown","required":"yes","label":"Gender","meta_key":"gender","enable_srch":"yes","fontawsome_icon":"icon-profile-male","help":"","multi":"no","post_multi":"no","first_value":"Please Select","collapse_search":"no","options":{"select":["1","",""],"label":["Male","Female","Both"],"value":["male","female","both"]}},"1448290313":{"type":"dropdown","required":"yes","label":"INDUSTRY","meta_key":"industry","enable_srch":"yes","fontawsome_icon":"icon-linegraph","help":"","multi":"no","post_multi":"no","first_value":"Please Select","collapse_search":"no","options":{"select":["1","","","","","",""],"label":["Development","Management","Finance","Html Department","Seo","Banking","Designing"],"value":["development","management","finance","html-department","seo","banking","designing"]}},"1448980250":{"type":"dropdown","required":"no","label":"Qualification","meta_key":"qualification","enable_srch":"yes","fontawsome_icon":"icon-graduation","help":"","multi":"no","post_multi":"no","first_value":"Please Select","collapse_search":"no","options":{"select":["1","","","","",""],"label":["Certificate","Diploma","Associate Degree","Bachelor Degree","Master’s Degree","Doctorate Degree"],"value":["certificate","diploma","associate-degree","bachelor-degree","master’s-degree","doctorate-degree"]}}},"foodbakery_candidate_cus_fields":{"1448285960":{"type":"dropdown","required":"yes","label":"Experience","meta_key":"show-experience","enable_srch":"yes","fontawsome_icon":"icon-history3","help":"","multi":"no","post_multi":"no","first_value":"Please Select","collapse_search":"no","options":{"select":["1","","","","","","","","",""],"label":["0 - 2 Years","3 - 5 Years","6 - 7 Years","8 - 10 Years","11 - 15 Years","16 - 20 Years","21 - 25 Years","26 - 30 Years","31 - 35 Years","More than 35..."],"value":["0---2-years","3---5-years","6---7-years","8---10-years","11---15-years","16---20-years","21---25-years","26---30-years","31---35-years","more-than-35..."]}},"1448286216":{"type":"dropdown","required":"yes","label":"Age","meta_key":"show-age","enable_srch":"yes","fontawsome_icon":"icon-graph","help":"","multi":"no","post_multi":"no","first_value":"Please Select","collapse_search":"no","options":{"select":["1","","","","","","","",""],"label":["18 - 22 Years","23 - 27 Years","28 - 32 Years","33 - 37 Years","38 - 42 Years","43 - 47 Years","48 - 52 Years","53 - 57 Years","Above 57 Years"],"value":["18---22-years","23---27-years","28---32-years","33---37-years","38---42-years","43---47-years","48---52-years","53---57-years","above-57-years"]}},"1448286375":{"type":"dropdown","required":"no","label":"Current Salary($) ","meta_key":"Current-Salary","enable_srch":"no","fontawsome_icon":"icon-database2","help":"","multi":"no","post_multi":"no","first_value":"Please Select","collapse_search":"no","options":{"select":["1","","","","","","",""],"label":["15K - 16K","16K - 20K","20K - 25K","25K - 30K","30K - 45K","45K - 50K","50K - 60K","More than 60..."],"value":["15k---16k","16k---20k","20k---25k","25k---30k","30k---45k","45k---50k","50k---60k","more-than-60..."]}},"1448286664":{"type":"dropdown","required":"no","label":"Expected Salary($)","meta_key":"expected-salary","enable_srch":"no","fontawsome_icon":"icon-rocket4","help":"","multi":"no","post_multi":"no","first_value":"Please Select","collapse_search":"no","options":{"select":["1","","","","","","",""],"label":["15K - 16K","16K - 20K","20K - 25K","25K - 30K","30K - 45K","45K - 50K","50K - 60K","More than 60..."],"value":["15k---16k","16k---20k","20k---25k","25k---30k","30k---45k","45k---50k","50k---60k","more-than-60..."]}},"1448286779":{"type":"dropdown","required":"no","label":"Languages","meta_key":"Languages","enable_srch":"no","fontawsome_icon":"icon-earth2","help":"","multi":"yes","post_multi":"yes","first_value":"Please Select","collapse_search":"no","options":{"select":["1","","","","","","","","","","",""],"label":["Japanese","Farsi","French","German","Greek","Spanish","Swedish","Welsh","Hindi","Arabic","English","Urdu"],"value":["japanese","farsi","french","german","greek","spanish","swedish","welsh","hindi","arabic","english","urdu"]}},"1448286780":{"type":"dropdown","required":"yes","label":"Education Levels","meta_key":"education-level","enable_srch":"yes","fontawsome_icon":"icon-graduation","help":"","multi":"yes","post_multi":"no","first_value":"Please Select","collapse_search":"no","options":{"select":["1","","","","",""],"label":["Certificate","Diploma","Associate Degree","Bachelor Degree","Master’s Degree","Doctorate Degree"],"value":["certificate","diploma","associate-degree","bachelor-degree-\/-graduate-degree","master","doctorate-degree"]}}},"foodbakery_emp_cus_fields":{"1448116937":{"type":"range","required":"no","label":"Est. Since","meta_key":"established","placeholder":"1949 e.g.","enable_srch":"yes","default_value":"","fontawsome_icon":"icon-calendar6","help":"","collapse_search":"no","min":"1988","max":"2015","increment":"1","enable_inputs":"no","srch_style":"slider"},"1448116939":{"type":"range","required":"no","label":"Team Size","meta_key":"team-size","placeholder":"1-300 e.g.","enable_srch":"yes","default_value":"1","fontawsome_icon":"icon-users5","help":"","collapse_search":"no","min":"1","max":"500","increment":"100","enable_inputs":"yes","srch_style":"input"},"1448116938":{"type":"dropdown","required":"no","label":"Business Type","meta_key":"type","enable_srch":"no","fontawsome_icon":"icon-building","help":"","multi":"no","post_multi":"no","first_value":"Please Select","collapse_search":"no","options":{"select":["1","","","","","","",""],"label":["Private Limited","Limited Publisher","C Corporations","S Corporations","Partnerships","Sole Proprietorships","Artitecture","Marketing"],"value":["private","limitedcompany","ccorporations","scorporations","partnerships","soleproprietorships","artitecture","marketing"]}}}}